{
  "cramped_room": {
    "SP_SP": {
      "0": 185.4,
      "1": 185.8,
      "2": 192.6,
      "3": 194.2,
      "4": 188.0
    },
    "SP_HProxy": {
      "0": 110.6,
      "1": 130.2,
      "2": 112.4,
      "3": 116.2,
      "4": 123.8
    },
    "SP_HProxy_sw": {
      "0": 121.6,
      "1": 139.4,
      "2": 111.6,
      "3": 130.6,
      "4": 129.8
    },
    "PPOBC_HProxy": {
      "0": 153.6,
      "1": 151.8,
      "2": 151.8,
      "3": 146.4,
      "4": 152.4
    },
    "PPOBC_HProxy_sw": {
      "0": 163.0,
      "1": 160.4,
      "2": 161.8,
      "3": 155.2,
      "4": 160.2
    },
    "BC_HProxy": {
      "0": 98.2,
      "1": 99.2,
      "2": 99.6,
      "3": 106.4,
      "4": 102.2
    },
    "BC_HProxy_sw": {
      "0": 108.6,
      "1": 108.0,
      "2": 107.2,
      "3": 104.2,
      "4": 108.6
    },
    "gold_standard": 158.92000000000002
  },
  "asymmetric_advantages": {
    "SP_SP": {
      "0": 177.2,
      "1": 167.6,
      "2": 177.6,
      "3": 169.4,
      "4": 169.6
    },
    "SP_HProxy": {
      "0": 46.8,
      "1": 53.6,
      "2": 51.0,
      "3": 43.0,
      "4": 45.4
    },
    "SP_HProxy_sw": {
      "0": 109.2,
      "1": 87.8,
      "2": 95.2,
      "3": 95.0,
      "4": 105.6
    },
    "PPOBC_HProxy": {
      "0": 55.8,
      "1": 71.6,
      "2": 66.6,
      "3": 55.4,
      "4": 66.2
    },
    "PPOBC_HProxy_sw": {
      "0": 145.6,
      "1": 147.0,
      "2": 128.4,
      "3": 174.4,
      "4": 143.6
    },
    "BC_HProxy": {
      "0": 146.2,
      "1": 139.6,
      "2": 137.4,
      "3": 136.0,
      "4": 137.0
    },
    "BC_HProxy_sw": {
      "0": 152.6,
      "1": 141.8,
      "2": 153.2,
      "3": 147.0,
      "4": 148.4
    },
    "gold_standard": 163.01999999999998
  },
  "coordination_ring": {
    "SP_SP": {
      "0": 145.2,
      "1": 165.2,
      "2": 145.2,
      "3": 166.6,
      "4": 151.0
    },
    "SP_HProxy": {
      "0": 70.2,
      "1": 55.8,
      "2": 59.8,
      "3": 91.2,
      "4": 60.2
    },
    "SP_HProxy_sw": {
      "0": 78.2,
      "1": 71.4,
      "2": 71.0,
      "3": 93.4,
      "4": 65.8
    },
    "PPOBC_HProxy": {
      "0": 115.4,
      "1": 114.4,
      "2": 114.0,
      "3": 119.2,
      "4": 113.4
    },
    "PPOBC_HProxy_sw": {
      "0": 122.2,
      "1": 125.4,
      "2": 114.0,
      "3": 119.8,
      "4": 129.0
    },
    "BC_HProxy": {
      "0": 74.4,
      "1": 75.0,
      "2": 73.4,
      "3": 77.0,
      "4": 74.2
    },
    "BC_HProxy_sw": {
      "0": 70.8,
      "1": 66.6,
      "2": 66.6,
      "3": 70.2,
      "4": 64.4
    },
    "gold_standard": 134.26
  },
  "forced_coordination": {
    "SP_SP": {
      "0": 133.2,
      "1": 130.2,
      "2": 115.2,
      "3": 125.8,
      "4": 133.6
    },
    "SP_HProxy": {
      "0": 51.6,
      "1": 32.8,
      "2": 32.8,
      "3": 19.8,
      "4": 23.6
    },
    "SP_HProxy_sw": {
      "0": 74.2,
      "1": 31.0,
      "2": 24.2,
      "3": 34.0,
      "4": 67.4
    },
    "PPOBC_HProxy": {
      "0": 43.8,
      "1": 65.8,
      "2": 42.0,
      "3": 42.2,
      "4": 32.0
    },
    "PPOBC_HProxy_sw": {
      "0": 74.8,
      "1": 71.6,
      "2": 65.4,
      "3": 49.6,
      "4": 69.2
    },
    "BC_HProxy": {
      "0": 29.8,
      "1": 25.6,
      "2": 25.8,
      "3": 28.0,
      "4": 28.0
    },
    "BC_HProxy_sw": {
      "0": 34.4,
      "1": 33.4,
      "2": 36.6,
      "3": 39.4,
      "4": 32.6
    },
    "gold_standard": 81.4
  },
  "counter_circuit": {
    "SP_SP": {
      "0": 95.8,
      "1": 93.8,
      "2": 135.6,
      "3": 129.0,
      "4": 89.2
    },
    "SP_HProxy": {
      "0": 42.2,
      "1": 40.4,
      "2": 30.2,
      "3": 45.8,
      "4": 30.2
    },
    "SP_HProxy_sw": {
      "0": 43.4,
      "1": 45.2,
      "2": 35.8,
      "3": 39.4,
      "4": 27.2
    },
    "PPOBC_HProxy": {
      "0": 81.8,
      "1": 79.4,
      "2": 82.6,
      "3": 65.8,
      "4": 66.0
    },
    "PPOBC_HProxy_sw": {
      "0": 84.8,
      "1": 82.8,
      "2": 82.4,
      "3": 62.0,
      "4": 72.6
    },
    "BC_HProxy": {
      "0": 42.8,
      "1": 43.4,
      "2": 43.2,
      "3": 44.4,
      "4": 42.2
    },
    "BC_HProxy_sw": {
      "0": 43.8,
      "1": 44.2,
      "2": 46.0,
      "3": 41.8,
      "4": 43.8
    },
    "gold_standard": 92.92
  }
}