{
  "cramped_room": {
    "SP_SP": {
      "0": 182.2,
      "1": 190.4,
      "2": 187.2,
      "3": 190.2,
      "4": 181.2
    },
    "SP_HProxy": {
      "0": 107.4,
      "1": 86.6,
      "2": 61.0,
      "3": 84.2,
      "4": 83.8
    },
    "SP_HProxy_sw": {
      "0": 112.6,
      "1": 95.8,
      "2": 77.4,
      "3": 93.8,
      "4": 91.0
    },
    "PPOBC_HProxy": {
      "0": 131.0,
      "1": 130.6,
      "2": 135.0,
      "3": 131.6,
      "4": 127.0
    },
    "PPOBC_HProxy_sw": {
      "0": 129.0,
      "1": 127.8,
      "2": 134.4,
      "3": 133.4,
      "4": 128.6
    },
    "BC_HProxy": {
      "0": 86.6,
      "1": 86.6,
      "2": 86.6,
      "3": 86.6,
      "4": 86.6
    },
    "BC_HProxy_sw": {
      "0": 80.0,
      "1": 80.0,
      "2": 80.0,
      "3": 80.0,
      "4": 80.0
    },
    "gold_standard": 137.35999999999999
  },
  "asymmetric_advantages": {
    "SP_SP": {
      "0": 302.2,
      "1": 273.2,
      "2": 269.0,
      "3": 214.2,
      "4": 322.8
    },
    "SP_HProxy": {
      "0": 70.2,
      "1": 58.8,
      "2": 52.6,
      "3": 63.4,
      "4": 66.4
    },
    "SP_HProxy_sw": {
      "0": 106.2,
      "1": 92.4,
      "2": 107.8,
      "3": 102.0,
      "4": 96.0
    },
    "PPOBC_HProxy": {
      "0": 214.8,
      "1": 225.0,
      "2": 208.6,
      "3": 187.6,
      "4": 218.8
    },
    "PPOBC_HProxy_sw": {
      "0": 60.2,
      "1": 51.0,
      "2": 62.6,
      "3": 64.4,
      "4": 53.0
    },
    "BC_HProxy": {
      "0": 96.4,
      "1": 96.4,
      "2": 96.4,
      "3": 96.4,
      "4": 96.4
    },
    "BC_HProxy_sw": {
      "0": 95.8,
      "1": 95.8,
      "2": 95.8,
      "3": 95.8,
      "4": 95.8
    },
    "gold_standard": 142.57999999999998
  },
  "coordination_ring": {
    "SP_SP": {
      "0": 141.2,
      "1": 147.2,
      "2": 135.2,
      "3": 147.8,
      "4": 150.4
    },
    "SP_HProxy": {
      "0": 40.6,
      "1": 47.8,
      "2": 49.4,
      "3": 39.4,
      "4": 57.6
    },
    "SP_HProxy_sw": {
      "0": 42.2,
      "1": 55.2,
      "2": 55.8,
      "3": 44.8,
      "4": 63.4
    },
    "PPOBC_HProxy": {
      "0": 87.2,
      "1": 79.8,
      "2": 76.4,
      "3": 81.8,
      "4": 83.2
    },
    "PPOBC_HProxy_sw": {
      "0": 101.8,
      "1": 100.0,
      "2": 99.0,
      "3": 100.0,
      "4": 97.4
    },
    "BC_HProxy": {
      "0": 44.2,
      "1": 44.2,
      "2": 44.2,
      "3": 44.2,
      "4": 44.2
    },
    "BC_HProxy_sw": {
      "0": 51.6,
      "1": 51.6,
      "2": 51.6,
      "3": 51.6,
      "4": 51.6
    },
    "gold_standard": 104.96000000000001
  },
  "forced_coordination": {
    "SP_SP": {
      "0": 138.6,
      "1": 147.2,
      "2": 151.4,
      "3": 152.4,
      "4": 153.6
    },
    "SP_HProxy": {
      "0": 37.0,
      "1": 26.8,
      "2": 39.6,
      "3": 25.4,
      "4": 21.0
    },
    "SP_HProxy_sw": {
      "0": 48.2,
      "1": 31.8,
      "2": 34.2,
      "3": 46.6,
      "4": 57.4
    },
    "PPOBC_HProxy": {
      "0": 36.4,
      "1": 34.0,
      "2": 41.0,
      "3": 16.4,
      "4": 39.2
    },
    "PPOBC_HProxy_sw": {
      "0": 1.2,
      "1": 0.0,
      "2": 0.8,
      "3": 0.0,
      "4": 0.2
    },
    "BC_HProxy": {
      "0": 20.0,
      "1": 20.0,
      "2": 20.0,
      "3": 20.0,
      "4": 20.0
    },
    "BC_HProxy_sw": {
      "0": 36.8,
      "1": 36.8,
      "2": 36.8,
      "3": 36.8,
      "4": 36.8
    },
    "gold_standard": 39.660000000000004
  },
  "counter_circuit": {
    "SP_SP": {
      "0": 135.4,
      "1": 95.0,
      "2": 93.2,
      "3": 99.2,
      "4": 105.8
    },
    "SP_HProxy": {
      "0": 20.8,
      "1": 28.2,
      "2": 35.4,
      "3": 35.8,
      "4": 35.6
    },
    "SP_HProxy_sw": {
      "0": 21.8,
      "1": 23.6,
      "2": 31.6,
      "3": 34.8,
      "4": 31.6
    },
    "PPOBC_HProxy": {
      "0": 67.2,
      "1": 65.4,
      "2": 70.4,
      "3": 57.0,
      "4": 63.6
    },
    "PPOBC_HProxy_sw": {
      "0": 58.2,
      "1": 64.0,
      "2": 63.8,
      "3": 52.0,
      "4": 61.6
    },
    "BC_HProxy": {
      "0": 17.2,
      "1": 17.2,
      "2": 17.2,
      "3": 17.2,
      "4": 17.2
    },
    "BC_HProxy_sw": {
      "0": 23.0,
      "1": 23.0,
      "2": 23.0,
      "3": 23.0,
      "4": 23.0
    },
    "gold_standard": 73.17999999999999
  }
}