{
  "cramped_room": {
    "SP_SP": {
      "0": 159.1999969482422,
      "1": 159.1999969482422,
      "2": 171.8000030517578,
      "3": 162.8000030517578,
      "4": 136.8000030517578
    },
    "SP_HProxy": {
      "0": 45.79999923706055,
      "1": 43.79999923706055,
      "2": 40.39999771118164,
      "3": 70.4000015258789,
      "4": 62.39999771118164
    },
    "PPOBC_HProxy": {
      "0": 70.0,
      "1": 132.8000030517578,
      "2": 141.8000030517578,
      "3": 138.0,
      "4": 140.39999389648438
    },
    "BC_HProxy": {
      "0": 82.5999984741211,
      "1": 82.5999984741211,
      "2": 82.5999984741211,
      "3": 82.5999984741211,
      "4": 82.5999984741211
    },
    "SP_HProxy_sw": {
      "0": 60.599998474121094,
      "1": 36.599998474121094,
      "2": 39.0,
      "3": 71.19999694824219,
      "4": 59.39999771118164
    },
    "PPOBC_HProxy_sw": {
      "0": 76.19999694824219,
      "1": 132.1999969482422,
      "2": 146.59999084472656,
      "3": 128.59999084472656,
      "4": 136.39999389648438
    },
    "BC_HProxy_sw": {
      "0": 82.79999542236328,
      "1": 82.79999542236328,
      "2": 82.79999542236328,
      "3": 82.79999542236328,
      "4": 82.79999542236328
    },
    "gold_standard": 125.33999710083008
  },
  "asymmetric_advantages": {
    "SP_SP": {
      "0": 215.0,
      "1": 163.0,
      "2": 212.59999084472656,
      "3": 206.59999084472656,
      "4": 209.1999969482422
    },
    "SP_HProxy": {
      "0": 65.4000015258789,
      "1": 118.39999389648438,
      "2": 46.79999923706055,
      "3": 57.79999923706055,
      "4": 41.79999923706055
    },
    "PPOBC_HProxy": {
      "0": 32.39999771118164,
      "1": 66.0,
      "2": 65.0,
      "3": 21.19999885559082,
      "4": 39.599998474121094
    },
    "BC_HProxy": {
      "0": 93.4000015258789,
      "1": 93.4000015258789,
      "2": 93.4000015258789,
      "3": 93.4000015258789,
      "4": 93.4000015258789
    },
    "SP_HProxy_sw": {
      "0": 91.0,
      "1": 56.0,
      "2": 106.19999694824219,
      "3": 86.0,
      "4": 98.79999542236328
    },
    "PPOBC_HProxy_sw": {
      "0": 108.79999542236328,
      "1": 109.19999694824219,
      "2": 107.39999389648438,
      "3": 88.19999694824219,
      "4": 97.4000015258789
    },
    "BC_HProxy_sw": {
      "0": 99.19999694824219,
      "1": 99.19999694824219,
      "2": 99.19999694824219,
      "3": 99.19999694824219,
      "4": 99.19999694824219
    },
    "gold_standard": 75.19999771118164
  },
  "coordination_ring": {
    "SP_SP": {
      "0": 162.59999084472656,
      "1": 150.1999969482422,
      "2": 163.39999389648438,
      "3": 149.0,
      "4": 141.39999389648438
    },
    "SP_HProxy": {
      "0": 36.79999923706055,
      "1": 42.0,
      "2": 35.20000076293945,
      "3": 33.39999771118164,
      "4": 38.39999771118164
    },
    "PPOBC_HProxy": {
      "0": 85.5999984741211,
      "1": 49.0,
      "2": 86.19999694824219,
      "3": 58.599998474121094,
      "4": 54.19999694824219
    },
    "BC_HProxy": {
      "0": 45.0,
      "1": 45.0,
      "2": 45.0,
      "3": 45.0,
      "4": 45.0
    },
    "SP_HProxy_sw": {
      "0": 41.0,
      "1": 40.39999771118164,
      "2": 39.599998474121094,
      "3": 27.599998474121094,
      "4": 36.79999923706055
    },
    "PPOBC_HProxy_sw": {
      "0": 100.4000015258789,
      "1": 44.599998474121094,
      "2": 87.79999542236328,
      "3": 65.79999542236328,
      "4": 64.19999694824219
    },
    "BC_HProxy_sw": {
      "0": 47.79999923706055,
      "1": 47.79999923706055,
      "2": 47.79999923706055,
      "3": 47.79999923706055,
      "4": 47.79999923706055
    },
    "gold_standard": 70.47999877929688
  },
  "forced_coordination": {
    "SP_SP": {
      "0": 151.39999389648438,
      "1": 150.0,
      "2": 157.39999389648438,
      "3": 172.1999969482422,
      "4": 158.1999969482422
    },
    "SP_HProxy": {
      "0": 10.399999618530273,
      "1": 6.599999904632568,
      "2": 15.399999618530273,
      "3": 10.800000190734863,
      "4": 8.199999809265137
    },
    "PPOBC_HProxy": {
      "0": 43.599998474121094,
      "1": 37.599998474121094,
      "2": 44.39999771118164,
      "3": 33.599998474121094,
      "4": 31.19999885559082
    },
    "BC_HProxy": {
      "0": 19.399999618530273,
      "1": 19.399999618530273,
      "2": 19.399999618530273,
      "3": 19.399999618530273,
      "4": 19.399999618530273
    },
    "SP_HProxy_sw": {
      "0": 20.600000381469727,
      "1": 24.399999618530273,
      "2": 20.799999237060547,
      "3": 14.199999809265137,
      "4": 27.19999885559082
    },
    "PPOBC_HProxy_sw": {
      "0": 29.399999618530273,
      "1": 30.399999618530273,
      "2": 30.0,
      "3": 26.399999618530273,
      "4": 31.0
    },
    "BC_HProxy_sw": {
      "0": 37.79999923706055,
      "1": 37.79999923706055,
      "2": 37.79999923706055,
      "3": 37.79999923706055,
      "4": 37.79999923706055
    },
    "gold_standard": 66.2599983215332
  },
  "counter_circuit": {
    "SP_SP": {
      "0": 105.79999542236328,
      "1": 110.79999542236328,
      "2": 114.19999694824219,
      "3": 95.19999694824219,
      "4": 101.5999984741211
    },
    "SP_HProxy": {
      "0": 23.600000381469727,
      "1": 31.399999618530273,
      "2": 40.0,
      "3": 21.799999237060547,
      "4": 25.599998474121094
    },
    "PPOBC_HProxy": {
      "0": 27.19999885559082,
      "1": 66.5999984741211,
      "2": 37.20000076293945,
      "3": 48.0,
      "4": 63.79999923706055
    },
    "BC_HProxy": {
      "0": 19.0,
      "1": 19.0,
      "2": 19.0,
      "3": 19.0,
      "4": 19.0
    },
    "SP_HProxy_sw": {
      "0": 21.399999618530273,
      "1": 27.599998474121094,
      "2": 29.599998474121094,
      "3": 21.0,
      "4": 21.799999237060547
    },
    "PPOBC_HProxy_sw": {
      "0": 25.0,
      "1": 59.79999923706055,
      "2": 32.20000076293945,
      "3": 46.599998474121094,
      "4": 64.79999542236328
    },
    "BC_HProxy_sw": {
      "0": 22.19999885559082,
      "1": 22.19999885559082,
      "2": 22.19999885559082,
      "3": 22.19999885559082,
      "4": 22.19999885559082
    },
    "gold_standard": 62.99999942779541
  }
}