{
  "cramped_room": {
    "SP_SP": {
      "0": 182.8000030517578,
      "1": 183.59999084472656,
      "2": 183.0,
      "3": 191.8000030517578,
      "4": 191.59999084472656
    },
    "SP_HProxy": {
      "0": 68.4000015258789,
      "1": 57.599998474121094,
      "2": 42.20000076293945,
      "3": 65.79999542236328,
      "4": 64.79999542236328
    },
    "PPOBC_HProxy": {
      "0": 91.0,
      "1": 94.4000015258789,
      "2": 78.19999694824219,
      "3": 89.79999542236328,
      "4": 73.0
    },
    "BC_HProxy": {
      "0": 5.599999904632568,
      "1": 5.599999904632568,
      "2": 5.599999904632568,
      "3": 5.599999904632568,
      "4": 5.599999904632568
    },
    "SP_HProxy_sw": {
      "0": 62.599998474121094,
      "1": 58.599998474121094,
      "2": 48.39999771118164,
      "3": 68.0,
      "4": 67.0
    },
    "PPOBC_HProxy_sw": {
      "0": 91.79999542236328,
      "1": 89.5999984741211,
      "2": 79.19999694824219,
      "3": 82.79999542236328,
      "4": 73.4000015258789
    },
    "BC_HProxy_sw": {
      "0": 5.599999904632568,
      "1": 5.599999904632568,
      "2": 5.599999904632568,
      "3": 5.599999904632568,
      "4": 5.599999904632568
    },
    "gold_standard": 86.27999877929688
  },
  "asymmetric_advantages": {
    "SP_SP": {
      "0": 299.0,
      "1": 314.6000061035156,
      "2": 263.6000061035156,
      "3": 278.6000061035156,
      "4": 210.59999084472656
    },
    "SP_HProxy": {
      "0": 14.799999237060547,
      "1": 11.199999809265137,
      "2": 12.199999809265137,
      "3": 13.399999618530273,
      "4": 12.799999237060547
    },
    "PPOBC_HProxy": {
      "0": 197.8000030517578,
      "1": 189.59999084472656,
      "2": 197.1999969482422,
      "3": 197.39999389648438,
      "4": 182.1999969482422
    },
    "BC_HProxy": {
      "0": 1.1999999284744263,
      "1": 1.1999999284744263,
      "2": 1.1999999284744263,
      "3": 1.1999999284744263,
      "4": 1.1999999284744263
    },
    "SP_HProxy_sw": {
      "0": 7.399999618530273,
      "1": 5.599999904632568,
      "2": 10.399999618530273,
      "3": 8.399999618530273,
      "4": 5.199999809265137
    },
    "PPOBC_HProxy_sw": {
      "0": 1.399999976158142,
      "1": 0.7999999523162842,
      "2": 0.5999999642372131,
      "3": 0.7999999523162842,
      "4": 1.1999999284744263
    },
    "BC_HProxy_sw": {
      "0": 3.0,
      "1": 3.0,
      "2": 3.0,
      "3": 3.0,
      "4": 3.0
    },
    "gold_standard": 93.11999815106392
  },
  "coordination_ring": {
    "SP_SP": {
      "0": 144.8000030517578,
      "1": 152.8000030517578,
      "2": 136.1999969482422,
      "3": 146.0,
      "4": 146.0
    },
    "SP_HProxy": {
      "0": 28.799999237060547,
      "1": 45.599998474121094,
      "2": 39.0,
      "3": 31.799999237060547,
      "4": 31.399999618530273
    },
    "PPOBC_HProxy": {
      "0": 26.399999618530273,
      "1": 32.0,
      "2": 43.39999771118164,
      "3": 59.79999923706055,
      "4": 68.0
    },
    "BC_HProxy": {
      "0": 0.5999999642372131,
      "1": 0.5999999642372131,
      "2": 0.5999999642372131,
      "3": 0.5999999642372131,
      "4": 0.5999999642372131
    },
    "SP_HProxy_sw": {
      "0": 32.0,
      "1": 53.0,
      "2": 41.79999923706055,
      "3": 35.79999923706055,
      "4": 34.79999923706055
    },
    "PPOBC_HProxy_sw": {
      "0": 29.19999885559082,
      "1": 32.0,
      "2": 42.20000076293945,
      "3": 68.79999542236328,
      "4": 68.19999694824219
    },
    "BC_HProxy_sw": {
      "0": 0.19999998807907104,
      "1": 0.19999998807907104,
      "2": 0.19999998807907104,
      "3": 0.19999998807907104,
      "4": 0.19999998807907104
    },
    "gold_standard": 40.439999198913576
  },
  "forced_coordination": {
    "SP_SP": {
      "0": 142.8000030517578,
      "1": 150.1999969482422,
      "2": 153.1999969482422,
      "3": 147.39999389648438,
      "4": 155.59999084472656
    },
    "SP_HProxy": {
      "0": 11.399999618530273,
      "1": 6.799999713897705,
      "2": 10.0,
      "3": 8.199999809265137,
      "4": 10.59999942779541
    },
    "PPOBC_HProxy": {
      "0": 21.19999885559082,
      "1": 19.600000381469727,
      "2": 16.399999618530273,
      "3": 17.399999618530273,
      "4": 17.0
    },
    "BC_HProxy": {
      "0": 0.3999999761581421,
      "1": 0.3999999761581421,
      "2": 0.3999999761581421,
      "3": 0.3999999761581421,
      "4": 0.3999999761581421
    },
    "SP_HProxy_sw": {
      "0": 5.400000095367432,
      "1": 3.5999999046325684,
      "2": 4.799999713897705,
      "3": 4.199999809265137,
      "4": 5.599999904632568
    },
    "PPOBC_HProxy_sw": {
      "0": 0.0,
      "1": 0.0,
      "2": 0.0,
      "3": 0.19999998807907104,
      "4": 0.0
    },
    "BC_HProxy_sw": {
      "0": 0.3999999761581421,
      "1": 0.3999999761581421,
      "2": 0.3999999761581421,
      "3": 0.3999999761581421,
      "4": 0.3999999761581421
    },
    "gold_standard": 9.919999808073044
  },
  "counter_circuit": {
    "SP_SP": {
      "0": 134.0,
      "1": 105.39999389648438,
      "2": 95.19999694824219,
      "3": 92.4000015258789,
      "4": 101.0
    },
    "SP_HProxy": {
      "0": 3.5999999046325684,
      "1": 47.79999923706055,
      "2": 36.39999771118164,
      "3": 17.600000381469727,
      "4": 22.19999885559082
    },
    "PPOBC_HProxy": {
      "0": 42.599998474121094,
      "1": 39.20000076293945,
      "2": 38.20000076293945,
      "3": 44.20000076293945,
      "4": 43.20000076293945
    },
    "BC_HProxy": {
      "0": 0.0,
      "1": 0.0,
      "2": 0.0,
      "3": 0.0,
      "4": 0.0
    },
    "SP_HProxy_sw": {
      "0": 2.799999952316284,
      "1": 41.39999771118164,
      "2": 28.799999237060547,
      "3": 13.199999809265137,
      "4": 20.600000381469727
    },
    "PPOBC_HProxy_sw": {
      "0": 41.79999923706055,
      "1": 35.599998474121094,
      "2": 37.20000076293945,
      "3": 44.0,
      "4": 39.0
    },
    "BC_HProxy_sw": {
      "0": 0.0,
      "1": 0.0,
      "2": 0.0,
      "3": 0.0,
      "4": 0.0
    },
    "gold_standard": 58.199998474121095
  }
}