{
  "cramped_room": {
    "SP_SP": {
      "0": 159.1999969482422,
      "1": 159.1999969482422,
      "2": 171.8000030517578,
      "3": 162.8000030517578,
      "4": 136.8000030517578
    },
    "SP_HProxy": {
      "0": 45.79999923706055,
      "1": 43.79999923706055,
      "2": 40.39999771118164,
      "3": 70.4000015258789,
      "4": 62.39999771118164
    },
    "PPOBC_HProxy": {
      "0": 70.0,
      "1": 132.8000030517578,
      "2": 141.8000030517578,
      "3": 138.0,
      "4": 140.39999389648438
    },
    "BC_HProxy": {
      "0": 82.5999984741211,
      "1": 82.5999984741211,
      "2": 82.5999984741211,
      "3": 82.5999984741211,
      "4": 82.5999984741211
    },
    "SP_HProxy_sw": {
      "0": 60.599998474121094,
      "1": 36.599998474121094,
      "2": 39.0,
      "3": 71.19999694824219,
      "4": 59.39999771118164
    },
    "PPOBC_HProxy_sw": {
      "0": 76.19999694824219,
      "1": 132.1999969482422,
      "2": 146.59999084472656,
      "3": 128.59999084472656,
      "4": 136.39999389648438
    },
    "BC_HProxy_sw": {
      "0": 82.79999542236328,
      "1": 82.79999542236328,
      "2": 82.79999542236328,
      "3": 82.79999542236328,
      "4": 82.79999542236328
    },
    "gold_standard": 125.33999710083008
  },
  "asymmetric_advantages": {
    "SP_SP": {
      "0": 215.0,
      "1": 163.0,
      "2": 212.59999084472656,
      "3": 206.59999084472656,
      "4": 209.1999969482422
    },
    "SP_HProxy": {
      "0": 65.4000015258789,
      "1": 118.39999389648438,
      "2": 46.79999923706055,
      "3": 57.79999923706055,
      "4": 41.79999923706055
    },
    "PPOBC_HProxy": {
      "0": 32.39999771118164,
      "1": 66.0,
      "2": 65.0,
      "3": 21.19999885559082,
      "4": 39.599998474121094
    },
    "BC_HProxy": {
      "0": 93.4000015258789,
      "1": 93.4000015258789,
      "2": 93.4000015258789,
      "3": 93.4000015258789,
      "4": 93.4000015258789
    },
    "SP_HProxy_sw": {
      "0": 91.0,
      "1": 56.0,
      "2": 106.19999694824219,
      "3": 86.0,
      "4": 98.79999542236328
    },
    "PPOBC_HProxy_sw": {
      "0": 108.79999542236328,
      "1": 109.19999694824219,
      "2": 107.39999389648438,
      "3": 88.19999694824219,
      "4": 97.4000015258789
    },
    "BC_HProxy_sw": {
      "0": 99.19999694824219,
      "1": 99.19999694824219,
      "2": 99.19999694824219,
      "3": 99.19999694824219,
      "4": 99.19999694824219
    },
    "gold_standard": 75.19999771118164
  },
  "coordination_ring": {
    "SP_SP": {
      "0": 144.8000030517578,
      "1": 152.8000030517578,
      "2": 136.1999969482422,
      "3": 146.0,
      "4": 146.0
    },
    "SP_HProxy": {
      "0": 42.20000076293945,
      "1": 58.39999771118164,
      "2": 47.79999923706055,
      "3": 45.599998474121094,
      "4": 44.20000076293945
    },
    "PPOBC_HProxy": {
      "0": 56.79999923706055,
      "1": 35.0,
      "2": 53.19999694824219,
      "3": 71.0,
      "4": 48.599998474121094
    },
    "BC_HProxy": {
      "0": 45.0,
      "1": 45.0,
      "2": 45.0,
      "3": 45.0,
      "4": 45.0
    },
    "SP_HProxy_sw": {
      "0": 46.599998474121094,
      "1": 63.19999694824219,
      "2": 55.39999771118164,
      "3": 48.599998474121094,
      "4": 48.0
    },
    "PPOBC_HProxy_sw": {
      "0": 65.0,
      "1": 40.20000076293945,
      "2": 53.39999771118164,
      "3": 84.5999984741211,
      "4": 48.79999923706055
    },
    "BC_HProxy_sw": {
      "0": 47.79999923706055,
      "1": 47.79999923706055,
      "2": 47.79999923706055,
      "3": 47.79999923706055,
      "4": 47.79999923706055
    },
    "gold_standard": 59.63999977111816
  },
  "forced_coordination": {
    "SP_SP": {
      "0": 142.39999389648438,
      "1": 150.39999389648438,
      "2": 153.1999969482422,
      "3": 147.59999084472656,
      "4": 155.8000030517578
    },
    "SP_HProxy": {
      "0": 35.39999771118164,
      "1": 21.399999618530273,
      "2": 34.39999771118164,
      "3": 30.399999618530273,
      "4": 27.599998474121094
    },
    "PPOBC_HProxy": {
      "0": 47.599998474121094,
      "1": 54.79999923706055,
      "2": 49.20000076293945,
      "3": 38.39999771118164,
      "4": 41.39999771118164
    },
    "BC_HProxy": {
      "0": 19.399999618530273,
      "1": 19.399999618530273,
      "2": 19.399999618530273,
      "3": 19.399999618530273,
      "4": 19.399999618530273
    },
    "SP_HProxy_sw": {
      "0": 45.599998474121094,
      "1": 56.79999923706055,
      "2": 37.79999923706055,
      "3": 32.599998474121094,
      "4": 41.39999771118164
    },
    "PPOBC_HProxy_sw": {
      "0": 1.399999976158142,
      "1": 0.19999998807907104,
      "2": 0.3999999761581421,
      "3": 0.7999999523162842,
      "4": 0.19999998807907104
    },
    "BC_HProxy_sw": {
      "0": 37.79999923706055,
      "1": 37.79999923706055,
      "2": 37.79999923706055,
      "3": 37.79999923706055,
      "4": 37.79999923706055
    },
    "gold_standard": 39.17999938726425
  },
  "counter_circuit": {
    "SP_SP": {
      "0": 134.0,
      "1": 105.39999389648438,
      "2": 95.19999694824219,
      "3": 92.4000015258789,
      "4": 101.0
    },
    "SP_HProxy": {
      "0": 22.0,
      "1": 35.20000076293945,
      "2": 35.39999771118164,
      "3": 27.399999618530273,
      "4": 37.599998474121094
    },
    "PPOBC_HProxy": {
      "0": 76.19999694824219,
      "1": 74.0,
      "2": 70.79999542236328,
      "3": 69.5999984741211,
      "4": 48.0
    },
    "BC_HProxy": {
      "0": 19.0,
      "1": 19.0,
      "2": 19.0,
      "3": 19.0,
      "4": 19.0
    },
    "SP_HProxy_sw": {
      "0": 18.799999237060547,
      "1": 30.0,
      "2": 30.799999237060547,
      "3": 24.19999885559082,
      "4": 35.79999923706055
    },
    "PPOBC_HProxy_sw": {
      "0": 72.19999694824219,
      "1": 67.4000015258789,
      "2": 71.4000015258789,
      "3": 63.599998474121094,
      "4": 43.20000076293945
    },
    "BC_HProxy_sw": {
      "0": 22.19999885559082,
      "1": 22.19999885559082,
      "2": 22.19999885559082,
      "3": 22.19999885559082,
      "4": 22.19999885559082
    },
    "gold_standard": 60.179999351501465
  }
}