{
  "cramped_room": {
    "sp_sp": {
      "mean": 216.0,
      "std": 8.0,
      "se": 3.5777087639996634,
      "n": 5
    },
    "sp_hp": {
      "mean": 16.0,
      "std": 14.966629547095765,
      "se": 6.693280212272604,
      "n": 5
    },
    "sp_hp_swapped": {
      "mean": 48.0,
      "std": 41.182520563948,
      "se": 18.41738309315414,
      "n": 5
    },
    "ppo_bc_hp": {
      "mean": 132.0,
      "std": 16.0,
      "se": 7.155417527999327,
      "n": 5
    },
    "ppo_bc_hp_swapped": {
      "mean": 128.0,
      "std": 9.797958971132712,
      "se": 4.381780460041329,
      "n": 5
    },
    "bc_hp": {
      "mean": 40.0,
      "std": 35.77708763999664,
      "se": 16.0,
      "n": 5
    },
    "bc_hp_swapped": {
      "mean": 32.0,
      "std": 9.797958971132712,
      "se": 4.381780460041329,
      "n": 5
    },
    "gail_hp": {
      "mean": 16.0,
      "std": 19.595917942265423,
      "se": 8.763560920082657,
      "n": 5
    },
    "gail_hp_swapped": {
      "mean": 4.0,
      "std": 8.0,
      "se": 3.5777087639996634,
      "n": 5
    },
    "ppo_gail_hp": {
      "mean": 160.0,
      "std": 21.908902300206645,
      "se": 9.797958971132712,
      "n": 5
    },
    "ppo_gail_hp_swapped": {
      "mean": 148.0,
      "std": 27.129319932501073,
      "se": 12.13260071048248,
      "n": 5
    }
  }
}