{
  "counter_circuit": {
    "SP_SP": {
      "0": 105.79999542236328,
      "1": 110.79999542236328,
      "2": 114.19999694824219,
      "3": 95.19999694824219,
      "4": 101.5999984741211
    },
    "SP_HProxy": {
      "0": 23.600000381469727,
      "1": 31.399999618530273,
      "2": 40.0,
      "3": 21.799999237060547,
      "4": 25.599998474121094
    },
    "PPOBC_HProxy": {
      "0": 27.19999885559082,
      "1": 66.5999984741211,
      "2": 37.20000076293945,
      "3": 48.0,
      "4": 63.79999923706055
    },
    "BC_HProxy": {
      "0": 19.0,
      "1": 19.0,
      "2": 19.0,
      "3": 19.0,
      "4": 19.0
    },
    "SP_HProxy_sw": {
      "0": 21.399999618530273,
      "1": 27.599998474121094,
      "2": 29.599998474121094,
      "3": 21.0,
      "4": 21.799999237060547
    },
    "PPOBC_HProxy_sw": {
      "0": 25.0,
      "1": 59.79999923706055,
      "2": 32.20000076293945,
      "3": 46.599998474121094,
      "4": 64.79999542236328
    },
    "BC_HProxy_sw": {
      "0": 22.19999885559082,
      "1": 22.19999885559082,
      "2": 22.19999885559082,
      "3": 22.19999885559082,
      "4": 22.19999885559082
    },
    "gold_standard": 62.99999942779541
  }
}