{
  "forced_coordination": {
    "SP_SP": {
      "0": 151.39999389648438,
      "1": 150.0,
      "2": 157.39999389648438,
      "3": 172.1999969482422,
      "4": 158.1999969482422
    },
    "SP_HProxy": {
      "0": 10.399999618530273,
      "1": 6.599999904632568,
      "2": 15.399999618530273,
      "3": 10.800000190734863,
      "4": 8.199999809265137
    },
    "PPOBC_HProxy": {
      "0": 43.599998474121094,
      "1": 37.599998474121094,
      "2": 44.39999771118164,
      "3": 33.599998474121094,
      "4": 31.19999885559082
    },
    "BC_HProxy": {
      "0": 19.399999618530273,
      "1": 19.399999618530273,
      "2": 19.399999618530273,
      "3": 19.399999618530273,
      "4": 19.399999618530273
    },
    "SP_HProxy_sw": {
      "0": 20.600000381469727,
      "1": 24.399999618530273,
      "2": 20.799999237060547,
      "3": 14.199999809265137,
      "4": 27.19999885559082
    },
    "PPOBC_HProxy_sw": {
      "0": 29.399999618530273,
      "1": 30.399999618530273,
      "2": 30.0,
      "3": 26.399999618530273,
      "4": 31.0
    },
    "BC_HProxy_sw": {
      "0": 37.79999923706055,
      "1": 37.79999923706055,
      "2": 37.79999923706055,
      "3": 37.79999923706055,
      "4": 37.79999923706055
    },
    "gold_standard": 66.2599983215332
  }
}