{
  "cramped_room": {
    "SP_SP": {
      "0": 182.8000030517578,
      "1": 183.59999084472656,
      "2": 183.0,
      "3": 191.8000030517578,
      "4": 191.59999084472656
    },
    "SP_HProxy": {
      "0": 68.4000015258789,
      "1": 57.599998474121094,
      "2": 42.20000076293945,
      "3": 65.79999542236328,
      "4": 64.79999542236328
    },
    "PPOBC_HProxy": {
      "0": 91.0,
      "1": 94.4000015258789,
      "2": 78.19999694824219,
      "3": 89.79999542236328,
      "4": 73.0
    },
    "BC_HProxy": {
      "0": 5.599999904632568,
      "1": 5.599999904632568,
      "2": 5.599999904632568,
      "3": 5.599999904632568,
      "4": 5.599999904632568
    },
    "SP_HProxy_sw": {
      "0": 62.599998474121094,
      "1": 58.599998474121094,
      "2": 48.39999771118164,
      "3": 68.0,
      "4": 67.0
    },
    "PPOBC_HProxy_sw": {
      "0": 91.79999542236328,
      "1": 89.5999984741211,
      "2": 79.19999694824219,
      "3": 82.79999542236328,
      "4": 73.4000015258789
    },
    "BC_HProxy_sw": {
      "0": 5.599999904632568,
      "1": 5.599999904632568,
      "2": 5.599999904632568,
      "3": 5.599999904632568,
      "4": 5.599999904632568
    },
    "gold_standard": 86.27999877929688
  }
}