{
  "coordination_ring": {
    "SP_SP": {
      "0": 144.8000030517578,
      "1": 152.8000030517578,
      "2": 136.1999969482422,
      "3": 146.0,
      "4": 146.0
    },
    "SP_HProxy": {
      "0": 28.799999237060547,
      "1": 45.599998474121094,
      "2": 39.0,
      "3": 31.799999237060547,
      "4": 31.399999618530273
    },
    "PPOBC_HProxy": {
      "0": 40.0,
      "1": 22.600000381469727,
      "2": 28.399999618530273,
      "3": 40.79999923706055,
      "4": 28.19999885559082
    },
    "BC_HProxy": {
      "0": 0.5999999642372131,
      "1": 0.5999999642372131,
      "2": 0.5999999642372131,
      "3": 0.5999999642372131,
      "4": 0.5999999642372131
    },
    "SP_HProxy_sw": {
      "0": 32.0,
      "1": 53.0,
      "2": 41.79999923706055,
      "3": 35.79999923706055,
      "4": 34.79999923706055
    },
    "PPOBC_HProxy_sw": {
      "0": 41.0,
      "1": 27.19999885559082,
      "2": 33.20000076293945,
      "3": 45.0,
      "4": 29.0
    },
    "BC_HProxy_sw": {
      "0": 0.19999998807907104,
      "1": 0.19999998807907104,
      "2": 0.19999998807907104,
      "3": 0.19999998807907104,
      "4": 0.19999998807907104
    },
    "gold_standard": 39.51999855041504
  }
}