{
  "forced_coordination": {
    "SP_SP": {
      "0": 142.8000030517578,
      "1": 150.1999969482422,
      "2": 153.1999969482422,
      "3": 147.39999389648438,
      "4": 155.59999084472656
    },
    "SP_HProxy": {
      "0": 11.399999618530273,
      "1": 6.799999713897705,
      "2": 10.0,
      "3": 8.199999809265137,
      "4": 10.59999942779541
    },
    "PPOBC_HProxy": {
      "0": 21.19999885559082,
      "1": 19.600000381469727,
      "2": 16.399999618530273,
      "3": 17.399999618530273,
      "4": 17.0
    },
    "BC_HProxy": {
      "0": 0.3999999761581421,
      "1": 0.3999999761581421,
      "2": 0.3999999761581421,
      "3": 0.3999999761581421,
      "4": 0.3999999761581421
    },
    "SP_HProxy_sw": {
      "0": 5.400000095367432,
      "1": 3.5999999046325684,
      "2": 4.799999713897705,
      "3": 4.199999809265137,
      "4": 5.599999904632568
    },
    "PPOBC_HProxy_sw": {
      "0": 0.0,
      "1": 0.0,
      "2": 0.0,
      "3": 0.19999998807907104,
      "4": 0.0
    },
    "BC_HProxy_sw": {
      "0": 0.3999999761581421,
      "1": 0.3999999761581421,
      "2": 0.3999999761581421,
      "3": 0.3999999761581421,
      "4": 0.3999999761581421
    },
    "gold_standard": 9.919999808073044
  }
}