{
  "cramped_room": {
    "SP_SP": {
      "0": 159.1999969482422,
      "1": 159.1999969482422,
      "2": 171.8000030517578,
      "3": 162.8000030517578,
      "4": 136.8000030517578
    },
    "SP_HProxy": {
      "0": 45.79999923706055,
      "1": 43.79999923706055,
      "2": 40.39999771118164,
      "3": 70.4000015258789,
      "4": 62.39999771118164
    },
    "PPOBC_HProxy": {
      "0": 70.0,
      "1": 132.8000030517578,
      "2": 141.8000030517578,
      "3": 138.0,
      "4": 140.39999389648438
    },
    "BC_HProxy": {
      "0": 82.5999984741211,
      "1": 82.5999984741211,
      "2": 82.5999984741211,
      "3": 82.5999984741211,
      "4": 82.5999984741211
    },
    "SP_HProxy_sw": {
      "0": 60.599998474121094,
      "1": 36.599998474121094,
      "2": 39.0,
      "3": 71.19999694824219,
      "4": 59.39999771118164
    },
    "PPOBC_HProxy_sw": {
      "0": 76.19999694824219,
      "1": 132.1999969482422,
      "2": 146.59999084472656,
      "3": 128.59999084472656,
      "4": 136.39999389648438
    },
    "BC_HProxy_sw": {
      "0": 82.79999542236328,
      "1": 82.79999542236328,
      "2": 82.79999542236328,
      "3": 82.79999542236328,
      "4": 82.79999542236328
    },
    "gold_standard": 125.33999710083008
  }
}