{
  "counter_circuit": {
    "SP_SP": {
      "0": 134.0,
      "1": 105.39999389648438,
      "2": 95.19999694824219,
      "3": 92.4000015258789,
      "4": 101.0
    },
    "SP_HProxy": {
      "0": 3.5999999046325684,
      "1": 47.79999923706055,
      "2": 36.39999771118164,
      "3": 17.600000381469727,
      "4": 22.19999885559082
    },
    "PPOBC_HProxy": {
      "0": 53.79999923706055,
      "1": 50.39999771118164,
      "2": 41.20000076293945,
      "3": 46.599998474121094,
      "4": 47.0
    },
    "BC_HProxy": {
      "0": 0.0,
      "1": 0.0,
      "2": 0.0,
      "3": 0.0,
      "4": 0.0
    },
    "SP_HProxy_sw": {
      "0": 2.799999952316284,
      "1": 41.39999771118164,
      "2": 28.799999237060547,
      "3": 13.199999809265137,
      "4": 20.600000381469727
    },
    "PPOBC_HProxy_sw": {
      "0": 50.0,
      "1": 48.20000076293945,
      "2": 37.599998474121094,
      "3": 41.39999771118164,
      "4": 40.20000076293945
    },
    "BC_HProxy_sw": {
      "0": 0.0,
      "1": 0.0,
      "2": 0.0,
      "3": 0.0,
      "4": 0.0
    },
    "gold_standard": 45.53999900817871
  }
}