{
  "cramped_room": {
    "SP_SP": {
      "0": 182.8000030517578,
      "1": 183.59999084472656,
      "2": 183.0,
      "3": 191.8000030517578,
      "4": 191.59999084472656
    },
    "SP_HProxy": {
      "0": 68.79999542236328,
      "1": 57.599998474121094,
      "2": 42.39999771118164,
      "3": 65.19999694824219,
      "4": 64.19999694824219
    },
    "PPOBC_HProxy": {
      "0": 90.79999542236328,
      "1": 94.4000015258789,
      "2": 78.19999694824219,
      "3": 89.79999542236328,
      "4": 73.0
    },
    "BC_HProxy": {
      "0": 5.599999904632568,
      "1": 5.599999904632568,
      "2": 5.599999904632568,
      "3": 5.599999904632568,
      "4": 5.599999904632568
    },
    "SP_HProxy_sw": {
      "0": 63.0,
      "1": 58.39999771118164,
      "2": 48.39999771118164,
      "3": 68.0,
      "4": 66.5999984741211
    },
    "PPOBC_HProxy_sw": {
      "0": 92.0,
      "1": 89.4000015258789,
      "2": 78.4000015258789,
      "3": 82.19999694824219,
      "4": 73.5999984741211
    },
    "BC_HProxy_sw": {
      "0": 5.599999904632568,
      "1": 5.599999904632568,
      "2": 5.599999904632568,
      "3": 5.599999904632568,
      "4": 5.599999904632568
    },
    "gold_standard": 86.11999816894532
  }
}