{
  "asymmetric_advantages": {
    "SP_SP": {
      "0": 215.0,
      "1": 163.0,
      "2": 212.59999084472656,
      "3": 206.59999084472656,
      "4": 209.1999969482422
    },
    "SP_HProxy": {
      "0": 65.4000015258789,
      "1": 118.39999389648438,
      "2": 46.79999923706055,
      "3": 57.79999923706055,
      "4": 41.79999923706055
    },
    "PPOBC_HProxy": {
      "0": 32.39999771118164,
      "1": 66.0,
      "2": 65.0,
      "3": 21.19999885559082,
      "4": 39.599998474121094
    },
    "BC_HProxy": {
      "0": 93.4000015258789,
      "1": 93.4000015258789,
      "2": 93.4000015258789,
      "3": 93.4000015258789,
      "4": 93.4000015258789
    },
    "SP_HProxy_sw": {
      "0": 91.0,
      "1": 56.0,
      "2": 106.19999694824219,
      "3": 86.0,
      "4": 98.79999542236328
    },
    "PPOBC_HProxy_sw": {
      "0": 108.79999542236328,
      "1": 109.19999694824219,
      "2": 107.39999389648438,
      "3": 88.19999694824219,
      "4": 97.4000015258789
    },
    "BC_HProxy_sw": {
      "0": 99.19999694824219,
      "1": 99.19999694824219,
      "2": 99.19999694824219,
      "3": 99.19999694824219,
      "4": 99.19999694824219
    },
    "gold_standard": 75.19999771118164
  }
}