{
  "coordination_ring": {
    "SP_SP": {
      "0": 162.59999084472656,
      "1": 150.1999969482422,
      "2": 163.39999389648438,
      "3": 149.0,
      "4": 141.39999389648438
    },
    "SP_HProxy": {
      "0": 36.79999923706055,
      "1": 42.0,
      "2": 35.20000076293945,
      "3": 33.39999771118164,
      "4": 38.39999771118164
    },
    "PPOBC_HProxy": {
      "0": 85.5999984741211,
      "1": 49.0,
      "2": 86.19999694824219,
      "3": 58.599998474121094,
      "4": 54.19999694824219
    },
    "BC_HProxy": {
      "0": 45.0,
      "1": 45.0,
      "2": 45.0,
      "3": 45.0,
      "4": 45.0
    },
    "SP_HProxy_sw": {
      "0": 41.0,
      "1": 40.39999771118164,
      "2": 39.599998474121094,
      "3": 27.599998474121094,
      "4": 36.79999923706055
    },
    "PPOBC_HProxy_sw": {
      "0": 100.4000015258789,
      "1": 44.599998474121094,
      "2": 87.79999542236328,
      "3": 65.79999542236328,
      "4": 64.19999694824219
    },
    "BC_HProxy_sw": {
      "0": 47.79999923706055,
      "1": 47.79999923706055,
      "2": 47.79999923706055,
      "3": 47.79999923706055,
      "4": 47.79999923706055
    },
    "gold_standard": 70.47999877929688
  }
}