{
  "asymmetric_advantages": {
    "SP_SP": {
      "0": 299.0,
      "1": 314.6000061035156,
      "2": 263.6000061035156,
      "3": 278.6000061035156,
      "4": 210.59999084472656
    },
    "SP_HProxy": {
      "0": 14.799999237060547,
      "1": 11.199999809265137,
      "2": 12.199999809265137,
      "3": 13.399999618530273,
      "4": 12.799999237060547
    },
    "PPOBC_HProxy": {
      "0": 197.8000030517578,
      "1": 189.59999084472656,
      "2": 197.1999969482422,
      "3": 197.39999389648438,
      "4": 182.1999969482422
    },
    "BC_HProxy": {
      "0": 1.1999999284744263,
      "1": 1.1999999284744263,
      "2": 1.1999999284744263,
      "3": 1.1999999284744263,
      "4": 1.1999999284744263
    },
    "SP_HProxy_sw": {
      "0": 7.399999618530273,
      "1": 5.599999904632568,
      "2": 10.399999618530273,
      "3": 8.399999618530273,
      "4": 5.199999809265137
    },
    "PPOBC_HProxy_sw": {
      "0": 1.399999976158142,
      "1": 0.7999999523162842,
      "2": 0.5999999642372131,
      "3": 0.7999999523162842,
      "4": 1.1999999284744263
    },
    "BC_HProxy_sw": {
      "0": 3.0,
      "1": 3.0,
      "2": 3.0,
      "3": 3.0,
      "4": 3.0
    },
    "gold_standard": 93.11999815106392
  }
}